{"10": [1.8343560975506323e-05, 1481.466452853926], "12": [2.3194713277650457e-05, 1481.0593557569864], "14": [2.8235512746477604e-05, 1480.8191181032553], "16": [3.28040783880607e-05, 1480.6115720889093], "18": [3.638563822982247e-05, 1481.421310875163], "20": [3.8972515653759295e-05, 1480.4018523627565]}