{"10": [[219.70393702398306, 1493.4170087398934], [-247.8980377364932, 1492.263397768738]], "12": [[197.64494384500557, 1489.5194778083332], [-223.9997594827328, 1487.56241901235]], "14": [[181.23566039066213, 1485.8314960631506], [-205.66305664108967, 1483.7924850372972]], "16": [[169.67967056371887, 1482.827046285768], [-193.27902882896194, 1480.1585368653414]], "18": [[161.0988719690367, 1485.3445658306287], [-183.7623382089484, 1480.343644236057]], "20": [[154.3230106533621, 1489.027568476467], [-178.9958928501213, 1481.5066584399362]]}